"id",".pred"
"0000aaaa",1.96353995800018
"1111bbbb",1.96353995800018
"2222cccc",1.96353995800018
